Sl. No.,State/UT,Murder with Rape/Gang Rape - I - ( Col. 3),Murder with Rape/Gang Rape - V - ( Col. 4),Murder with Rape/Gang Rape - R - ( Col. 5),Dowry Deaths (Sec. 304B IPC) - I - ( Col. 6),Dowry Deaths (Sec. 304B IPC) - V - ( Col. 7),Dowry Deaths (Sec. 304B IPC) - R - ( Col. 8),Abetment to Suicide of Women (Sec. 305/306 IPC) - I - ( Col. 9),Abetment to Suicide of Women (Sec. 305/306 IPC) - V - ( Col. 10),Abetment to Suicide of Women (Sec. 305/306 IPC) - R - ( Col. 11),Miscarriage (Sec.313 & 314 IPC) - I - ( Col. 12),Miscarriage (Sec.313 & 314 IPC) - V - ( Col. 13),Miscarriage (Sec.313 & 314 IPC) - R - ( Col. 14),Acid Attack (Sec. 326A IPC) - I - ( Col. 15),Acid Attack (Sec. 326A IPC) - V - ( Col. 16),Acid Attack (Sec. 326A IPC) - R - ( Col. 17),Attempt to Acid Attack (Sec. 326B IPC) - I - ( Col. 18),Attempt to Acid Attack (Sec. 326B IPC) - V - ( Col. 19),Attempt to Acid Attack (Sec. 326B IPC) - R - ( Col. 20),Cruelty by Husband or his relatives (Sec. 498 A IPC) - I - ( Col. 21),Cruelty by Husband or his relatives (Sec. 498 A IPC) - V - ( Col. 22),Cruelty by Husband or his relatives (Sec. 498 A IPC) - R - ( Col. 23),Kidnapping & Abduction of Women - Kidnapping & Abduction of Women (Total) - I - ( Col. 24),Kidnapping & Abduction of Women - Kidnapping & Abduction of Women (Total) - V - ( Col. 25),Kidnapping & Abduction of Women - Kidnapping & Abduction of Women (Total) - R - ( Col. 26),Kidnapping & Abduction of Women - Kidnapping and Abduction (Sec. 363 IPC) - I - ( Col. 27),Kidnapping & Abduction of Women - Kidnapping and Abduction (Sec. 363 IPC) - V - ( Col. 28),Kidnapping & Abduction of Women - Kidnapping and Abduction (Sec. 363 IPC) - R - ( Col. 29),Kidnapping & Abduction of Women - Kidnapping and Abduction in order to Murder (Sec.364 IPC) - I - ( Col. 30),Kidnapping & Abduction of Women - Kidnapping and Abduction in order to Murder (Sec.364 IPC) - V - ( Col. 31),Kidnapping & Abduction of Women - Kidnapping and Abduction in order to Murder (Sec.364 IPC) - R - ( Col. 32),Kidnapping & Abduction of Women - Kidnapping for Ransom (Sec. 364A IPC) - I - ( Col. 33),Kidnapping & Abduction of Women - Kidnapping for Ransom (Sec. 364A IPC) - V - ( Col. 34),Kidnapping & Abduction of Women - Kidnapping for Ransom (Sec. 364A IPC) - R - ( Col. 35),Kidnapping & Abduction of Women - Kidnapping & Abduction of Women to compel her for marriage (Sec. 366 IPC) - K&A of Women to compel her for marriage (Total) - I - ( Col. 36),Kidnapping & Abduction of Women - Kidnapping & Abduction of Women to compel her for marriage (Sec. 366 IPC) - K&A of Women to compel her for marriage (Total) - V - ( Col. 37),Kidnapping & Abduction of Women - Kidnapping & Abduction of Women to compel her for marriage (Sec. 366 IPC) - K&A of Women to compel her for marriage (Total) - R - ( Col. 38),Kidnapping & Abduction of Women - Kidnapping & Abduction of Women to compel her for marriage (Sec. 366 IPC) - a) Women (Above 18 yrs) - I - ( Col. 39),Kidnapping & Abduction of Women - Kidnapping & Abduction of Women to compel her for marriage (Sec. 366 IPC) - a) Women (Above 18 yrs) - V - ( Col. 40),Kidnapping & Abduction of Women - Kidnapping & Abduction of Women to compel her for marriage (Sec. 366 IPC) - a) Women (Above 18 yrs) - R - ( Col. 41),Kidnapping & Abduction of Women - K & A of Women to compel her for marriage (Sec. 366 IPC) - b) Girls (Below 18 yrs) - I - ( Col. 42),Kidnapping & Abduction of Women - K & A of Women to compel her for marriage (Sec. 366 IPC) - b) Girls (Below 18 yrs) - V - ( Col. 43),Kidnapping & Abduction of Women - K & A of Women to compel her for marriage (Sec. 366 IPC) - b) Girls (Below 18 yrs) - R - ( Col. 44),Kidnapping & Abduction of Women - Procuration of Minor Girls (Sec. 366A IPC) - I - ( Col. 45),Kidnapping & Abduction of Women - Procuration of Minor Girls (Sec. 366A IPC) - V - ( Col. 46),Kidnapping & Abduction of Women - Procuration of Minor Girls (Sec. 366A IPC) - R - ( Col. 47),Kidnapping & Abduction of Women - Importation of Girls from Foreign Country (Sec. 366B IPC) - I - ( Col. 48),Kidnapping & Abduction of Women - Importation of Girls from Foreign Country (Sec. 366B IPC) - V - ( Col. 49),Kidnapping & Abduction of Women - Importation of Girls from Foreign Country (Sec. 366B IPC) - R - ( Col. 50),"Kidnapping & Abduction of Women - Kidnapping and Abduction of Women - Others (Sec.363A, 365, 367, 368,369 IPC) - I - ( Col. 51)","Kidnapping & Abduction of Women - Kidnapping and Abduction of Women - Others (Sec.363A, 365, 367, 368,369 IPC) - V - ( Col. 52)","Kidnapping & Abduction of Women - Kidnapping and Abduction of Women - Others (Sec.363A, 365, 367, 368,369 IPC) - R - ( Col. 53)",Human Trafficking (Sec. 370 & 370A IPC) - I - ( Col. 54),Human Trafficking (Sec. 370 & 370A IPC) - V - ( Col. 55),Human Trafficking (Sec. 370 & 370A IPC) - R - ( Col. 56),Selling of Minor Girls (Sec. 372 IPC) - I - ( Col. 57),Selling of Minor Girls (Sec. 372 IPC) - V - ( Col. 58),Selling of Minor Girls (Sec. 372 IPC) - R - ( Col. 59),Buying of Minor Girls (Sec. 373 IPC) - I - ( Col. 60),Buying of Minor Girls (Sec. 373 IPC) - V - ( Col. 61),Buying of Minor Girls (Sec. 373 IPC) - R - ( Col. 62),Rape (Sec.376 IPC) - Rape (Total) - I - ( Col. 63),Rape (Sec.376 IPC) - Rape (Total) - V - ( Col. 64),Rape (Sec.376 IPC) - Rape (Total) - R - ( Col. 65),Rape (Sec.376 IPC) - A) Women (18 Yrs. and above) - I - ( Col. 66),Rape (Sec.376 IPC) - A) Women (18 Yrs. and above) - V - ( Col. 67),Rape (Sec.376 IPC) - A) Women (18 Yrs. and above) - R - ( Col. 68),Rape (Sec.376 IPC) - B) Girls (Below 18 yrs) - I - ( Col. 69),Rape (Sec.376 IPC) - B) Girls (Below 18 yrs) - V - ( Col. 70),Rape (Sec.376 IPC) - B) Girls (Below 18 yrs) - R - ( Col. 71),Attempt to Commit Rape (Sec. 376/511 IPC) - Attempt to Commit Rape (Total) - I - ( Col. 72),Attempt to Commit Rape (Sec. 376/511 IPC) - Attempt to Commit Rape (Total) - V - ( Col. 73),Attempt to Commit Rape (Sec. 376/511 IPC) - Attempt to Commit Rape (Total) - R - ( Col. 74),Attempt to Commit Rape (Sec. 376/511 IPC) - A) Women (18 Yrs. and above) - I - ( Col. 75),Attempt to Commit Rape (Sec. 376/511 IPC) - A) Women (18 Yrs. and above) - V - ( Col. 76),Attempt to Commit Rape (Sec. 376/511 IPC) - A) Women (18 Yrs. and above) - R - ( Col. 77),Attempt to Commit Rape (Sec. 376/511 IPC) - B) Girls (Below 18 yrs) - I - ( Col. 78),Attempt to Commit Rape (Sec. 376/511 IPC) - B) Girls (Below 18 yrs) - V - ( Col. 79),Attempt to Commit Rape (Sec. 376/511 IPC) - B) Girls (Below 18 yrs) - R - ( Col. 80),Assault on Women with Intent to Outrage her Modesty (Sec. 354 IPC) - Assault on Women with Intent to Outrage her Modesty (Total) - I - ( Col. 81),Assault on Women with Intent to Outrage her Modesty (Sec. 354 IPC) - Assault on Women with Intent to Outrage her Modesty (Total) - V - ( Col. 82),Assault on Women with Intent to Outrage her Modesty (Sec. 354 IPC) - Assault on Women with Intent to Outrage her Modesty (Total) - R - ( Col. 83),Assault on Women with Intent to Outrage her Modesty (Sec. 354 IPC) - A) Women (18 Yrs. and above) - I - ( Col. 84),Assault on Women with Intent to Outrage her Modesty (Sec. 354 IPC) - A) Women (18 Yrs. and above) - V - ( Col. 85),Assault on Women with Intent to Outrage her Modesty (Sec. 354 IPC) - A) Women (18 Yrs. and above) - R - ( Col. 86),Assault on Women with Intent to Outrage her Modesty (Sec. 354 IPC) - B) Girls (Below 18 yrs) - I - ( Col. 87),Assault on Women with Intent to Outrage her Modesty (Sec. 354 IPC) - B) Girls (Below 18 yrs) - V - ( Col. 88),Assault on Women with Intent to Outrage her Modesty (Sec. 354 IPC) - B) Girls (Below 18 yrs) - R - ( Col. 89),Insult to the Modesty of Women (Sec. 509 IPC) - Insult to the Modesty of Women (Total) - I - ( Col. 90),Insult to the Modesty of Women (Sec. 509 IPC) - Insult to the Modesty of Women (Total) - V - ( Col. 91),Insult to the Modesty of Women (Sec. 509 IPC) - Insult to the Modesty of Women (Total) - R - ( Col. 92),Insult to the Modesty of Women (Sec. 509 IPC) - A) Women (18 Yrs. and above) - I - ( Col. 93),Insult to the Modesty of Women (Sec. 509 IPC) - A) Women (18 Yrs. and above) - V - ( Col. 94),Insult to the Modesty of Women (Sec. 509 IPC) - A) Women (18 Yrs. and above) - R - ( Col. 95),Insult to the Modesty of Women (Sec. 509 IPC) - B) Girls (Below 18 yrs) - I - ( Col. 96),Insult to the Modesty of Women (Sec. 509 IPC) - B) Girls (Below 18 yrs) - V - ( Col. 97),Insult to the Modesty of Women (Sec. 509 IPC) - B) Girls (Below 18 yrs) - R - ( Col. 98),Total IPC Crimes against Women - I - ( Col. 99),Total IPC Crimes against Women - V - ( Col. 100),Total IPC Crimes against Women - R - ( Col. 101),"Dowry Prohibition Act, 1961 - I - ( Col. 102)","Dowry Prohibition Act, 1961 - V - ( Col. 103)","Dowry Prohibition Act, 1961 - R - ( Col. 104)","Immoral Traffic (Prevention) Act, 1956 (Women Victims cases only) - Immoral Traffic (Prevention) Act, 1956 (Total) - I - ( Col. 105)","Immoral Traffic (Prevention) Act, 1956 (Women Victims cases only) - Immoral Traffic (Prevention) Act, 1956 (Total) - V - ( Col. 106)","Immoral Traffic (Prevention) Act, 1956 (Women Victims cases only) - Immoral Traffic (Prevention) Act, 1956 (Total) - R - ( Col. 107)","Immoral Traffic (Prevention) Act, 1956 (Women Victims cases only) - A) Procuring, inducing Children for the sake of prostitution (Sec. 5) - I - ( Col. 108)","Immoral Traffic (Prevention) Act, 1956 (Women Victims cases only) - A) Procuring, inducing Children for the sake of prostitution (Sec. 5) - V - ( Col. 109)","Immoral Traffic (Prevention) Act, 1956 (Women Victims cases only) - A) Procuring, inducing Children for the sake of prostitution (Sec. 5) - R - ( Col. 110)","Immoral Traffic (Prevention) Act, 1956 (Women Victims cases only) - B) Detaining a person in premises where prostitution is carried on (Sec. 6) - I - ( Col. 111)","Immoral Traffic (Prevention) Act, 1956 (Women Victims cases only) - B) Detaining a person in premises where prostitution is carried on (Sec. 6) - V - ( Col. 112)","Immoral Traffic (Prevention) Act, 1956 (Women Victims cases only) - B) Detaining a person in premises where prostitution is carried on (Sec. 6) - R - ( Col. 113)","Immoral Traffic (Prevention) Act, 1956 (Women Victims cases only) - C) Prostitution in or in the vicinity of public places (Section 7) - I - ( Col. 114)","Immoral Traffic (Prevention) Act, 1956 (Women Victims cases only) - C) Prostitution in or in the vicinity of public places (Section 7) - V - ( Col. 115)","Immoral Traffic (Prevention) Act, 1956 (Women Victims cases only) - C) Prostitution in or in the vicinity of public places (Section 7) - R - ( Col. 116)","Immoral Traffic (Prevention) Act, 1956 (Women Victims cases only) - D) Seducing or soliciting for purpose of prostitution (Section 8) - I - ( Col. 117)","Immoral Traffic (Prevention) Act, 1956 (Women Victims cases only) - D) Seducing or soliciting for purpose of prostitution (Section 8) - V - ( Col. 118)","Immoral Traffic (Prevention) Act, 1956 (Women Victims cases only) - D) Seducing or soliciting for purpose of prostitution (Section 8) - R - ( Col. 119)","Immoral Traffic (Prevention) Act, 1956 (Women Victims cases only) - E) Other Sections under ITP Act - I - ( Col. 120)","Immoral Traffic (Prevention) Act, 1956 (Women Victims cases only) - E) Other Sections under ITP Act - V - ( Col. 121)","Immoral Traffic (Prevention) Act, 1956 (Women Victims cases only) - E) Other Sections under ITP Act - R - ( Col. 122)",Protection of Women from Domestic Violence Act - I - ( Col. 123),Protection of Women from Domestic Violence Act - V - ( Col. 124),Protection of Women from Domestic Violence Act - R - ( Col. 125),Cyber Crimes/Information Technology Act (Women Centric Crimes only) - Cyber Crimes/Information Technology Act (Women Centric Crimes only) (Total) - I - ( Col. 126),Cyber Crimes/Information Technology Act (Women Centric Crimes only) - Cyber Crimes/Information Technology Act (Women Centric Crimes only) (Total) - V - ( Col. 127),Cyber Crimes/Information Technology Act (Women Centric Crimes only) - Cyber Crimes/Information Technology Act (Women Centric Crimes only) (Total) - R - ( Col. 128),Cyber Crimes/Information Technology Act (Women Centric Crimes only) - A) Publishing or Transmitting of Sexually Explicit Material (Sec. 67A/67B (Girls) IT Act) - I - ( Col. 129),Cyber Crimes/Information Technology Act (Women Centric Crimes only) - A) Publishing or Transmitting of Sexually Explicit Material (Sec. 67A/67B (Girls) IT Act) - V - ( Col. 130),Cyber Crimes/Information Technology Act (Women Centric Crimes only) - A) Publishing or Transmitting of Sexually Explicit Material (Sec. 67A/67B (Girls) IT Act) - R - ( Col. 131),Cyber Crimes/Information Technology Act (Women Centric Crimes only) - B) Other Women Centric Cyber Crimes (Ex. Blackmailing/Defamation/Morphing/Fake Profile) - I - ( Col. 132),Cyber Crimes/Information Technology Act (Women Centric Crimes only) - B) Other Women Centric Cyber Crimes (Ex. Blackmailing/Defamation/Morphing/Fake Profile) - V - ( Col. 133),Cyber Crimes/Information Technology Act (Women Centric Crimes only) - B) Other Women Centric Cyber Crimes (Ex. Blackmailing/Defamation/Morphing/Fake Profile) - R - ( Col. 134),Protection of Children from Sexual Offences Act (Girl Child Victims only) - Protection of Children from Sexual Offences Act (Total) - I - ( Col. 135),Protection of Children from Sexual Offences Act (Girl Child Victims only) - Protection of Children from Sexual Offences Act (Total) - V - ( Col. 136),Protection of Children from Sexual Offences Act (Girl Child Victims only) - Protection of Children from Sexual Offences Act (Total) - R - ( Col. 137),Protection of Children from Sexual Offences Act (Girl Child Victims only) - A) Child Rape (Sec.4 & 6 of POCSO Act/ Sec 376 IPC) - I - ( Col. 138),Protection of Children from Sexual Offences Act (Girl Child Victims only) - A) Child Rape (Sec.4 & 6 of POCSO Act/ Sec 376 IPC) - V - ( Col. 139),Protection of Children from Sexual Offences Act (Girl Child Victims only) - A) Child Rape (Sec.4 & 6 of POCSO Act/ Sec 376 IPC) - R - ( Col. 140),Protection of Children from Sexual Offences Act (Girl Child Victims only) - B) Sexual Assault of Children (Sec.8 & 10 of POCSO Act) / Sec.354 IPC) - I - ( Col. 141),Protection of Children from Sexual Offences Act (Girl Child Victims only) - B) Sexual Assault of Children (Sec.8 & 10 of POCSO Act) / Sec.354 IPC) - V - ( Col. 142),Protection of Children from Sexual Offences Act (Girl Child Victims only) - B) Sexual Assault of Children (Sec.8 & 10 of POCSO Act) / Sec.354 IPC) - R - ( Col. 143),Protection of Children from Sexual Offences Act (Girl Child Victims only) - C) Sexual Harassment (Sec. 12 of POCSO Act) /Sec. 509 IPC) - I - ( Col. 144),Protection of Children from Sexual Offences Act (Girl Child Victims only) - C) Sexual Harassment (Sec. 12 of POCSO Act) /Sec. 509 IPC) - V - ( Col. 145),Protection of Children from Sexual Offences Act (Girl Child Victims only) - C) Sexual Harassment (Sec. 12 of POCSO Act) /Sec. 509 IPC) - R - ( Col. 146),Protection of Children from Sexual Offences Act (Girl Child Victims only) - D) Use of Child for Pornography/ Storing Child Pornography Material (Sec.14 & 15 of POCSO Act) - I - ( Col. 147),Protection of Children from Sexual Offences Act (Girl Child Victims only) - D) Use of Child for Pornography/ Storing Child Pornography Material (Sec.14 & 15 of POCSO Act) - V - ( Col. 148),Protection of Children from Sexual Offences Act (Girl Child Victims only) - D) Use of Child for Pornography/ Storing Child Pornography Material (Sec.14 & 15 of POCSO Act) - R - ( Col. 149),Protection of Children from Sexual Offences Act (Girl Child Victims only) - E) POCSO Act (Sections 17 to 22) / Other offences of POCSO Act - I - ( Col. 150),Protection of Children from Sexual Offences Act (Girl Child Victims only) - E) POCSO Act (Sections 17 to 22) / Other offences of POCSO Act - V - ( Col. 151),Protection of Children from Sexual Offences Act (Girl Child Victims only) - E) POCSO Act (Sections 17 to 22) / Other offences of POCSO Act - R - ( Col. 152),Protection of Children from Sexual Offences Act (Girl Child Victims only) - F) POCSO Act r/w Section 377 IPC / Unnatural Offences - I - ( Col. 153),Protection of Children from Sexual Offences Act (Girl Child Victims only) - F) POCSO Act r/w Section 377 IPC / Unnatural Offences - V - ( Col. 154),Protection of Children from Sexual Offences Act (Girl Child Victims only) - F) POCSO Act r/w Section 377 IPC / Unnatural Offences - R - ( Col. 155),"Indecent Representation of Women (Prohibition) Act, 1986 - I - ( Col. 156)","Indecent Representation of Women (Prohibition) Act, 1986 - V - ( Col. 157)","Indecent Representation of Women (Prohibition) Act, 1986 - R - ( Col. 158)",Total SLL Crimes against Women - I - ( Col. 159),Total SLL Crimes against Women - V - ( Col. 160),Total SLL Crimes against Women - R - ( Col. 161),Total Crime against Women (IPC+SLL) - I - ( Col. 162),Total Crime against Women (IPC+SLL) - V - ( Col. 163),Total Crime against Women (IPC+SLL) - R - ( Col. 164)
1,Andhra Pradesh,5,5,0,95,96,0.4,386,396,1.5,10,10,0,3,3,0,4,4,0,10594,10640,39.8,524,546,2,334,355,1.3,1,1,0,5,6,0,132,132,0.5,58,58,0.2,74,74,0.3,26,26,0.1,0,0,0,26,26,0.1,79,132,0.3,0,0,0,2,2,0,438,458,1.6,438,458,1.6,0,0,0,112,112,0.4,96,96,0.4,16,16,0.1,4930,4943,18.5,4930,4943,18.5,0,0,0,2826,3020,10.6,2826,3020,10.6,0,0,0,20008,20367,75.2,353,353,1.3,68,84,0.3,11,12,0,1,4,0,11,11,0,0,0,0,45,57,0.2,0,0,0,79,87,0.3,68,76,0.3,11,11,0,1907,1910,7.2,855,858,3.2,552,552,2.1,488,488,1.8,9,9,0,3,3,0,0,0,0,3,3,0,2410,2437,9.1,22418,22804,84.2
2,Arunachal Pradesh,0,0,0,1,1,0.1,3,3,0.4,0,0,0,0,0,0,0,0,0,58,58,7.6,38,39,5,28,29,3.7,0,0,0,1,1,0.1,3,3,0.4,2,2,0.3,1,1,0.1,1,1,0.1,0,0,0,5,5,0.7,5,18,0.7,0,0,0,0,0,0,71,72,9.3,35,35,4.6,36,37,4.7,5,5,0.7,3,3,0.4,2,2,0.3,74,74,9.7,69,69,9.1,5,5,0.7,16,16,2.1,16,16,2.1,0,0,0,271,286,35.6,0,0,0,0,0,0,0,0,0,0,0,0,0,0,0,0,0,0,0,0,0,0,0,0,0,0,0,0,0,0,0,0,0,55,58,7.2,42,42,5.5,11,13,1.4,1,2,0.1,1,1,0.1,0,0,0,0,0,0,0,0,0,55,58,7.2,326,344,42.8
3,Assam,13,14,0.1,101,107,0.6,102,111,0.6,4,4,0,4,4,0,2,2,0,2923,2964,16.6,3110,3310,17.7,645,731,3.7,3,3,0,15,15,0.1,1371,1389,7.8,1000,1018,5.7,371,371,2.1,454,455,2.6,0,0,0,622,717,3.5,81,127,0.5,5,5,0,0,0,0,989,1033,5.6,988,1032,5.6,1,1,0,173,177,1,173,177,1,0,0,0,1595,1619,9.1,1582,1606,9,13,13,0.1,42,42,0.2,42,42,0.2,0,0,0,9144,9519,52,162,162,0.9,30,31,0.2,3,3,0,0,0,0,0,0,0,0,0,0,27,28,0.2,3,3,0,182,186,1,97,101,0.6,85,85,0.5,2549,2574,14.5,1816,1823,10.3,475,481,2.7,121,133,0.7,12,12,0.1,125,125,0.7,0,0,0,0,0,0,2926,2956,16.6,12070,12475,68.6
4,Bihar,4,4,0,1143,1143,1.9,3,3,0,0,0,0,5,6,0,0,0,0,2032,2032,3.3,12136,12194,19.8,868,878,1.4,6,6,0,2,2,0,9467,9486,15.5,4534,4545,7.4,4933,4941,8.1,0,0,0,0,0,0,1793,1822,2.9,28,52,0,0,0,0,0,0,0,902,902,1.5,902,902,1.5,0,0,0,47,47,0.1,30,30,0,17,17,0,472,472,0.8,465,465,0.8,7,7,0,47,47,0.1,47,47,0.1,0,0,0,16819,16902,27.5,3665,3665,6,58,90,0.1,29,55,0,11,11,0,2,3,0,0,0,0,16,21,0,1,1,0,100,100,0.2,20,20,0,80,80,0.1,2307,2307,3.8,925,925,1.5,844,844,1.4,190,190,0.3,345,345,0.6,0,0,0,3,3,0,2,2,0,6133,6165,10,22952,23067,37.5
5,Chhattisgarh,5,5,0,46,49,0.3,122,122,0.8,5,5,0,1,6,0,0,0,0,755,757,5,2440,2477,16.2,2345,2382,15.5,0,0,0,0,0,0,77,77,0.5,1,1,0,76,76,0.5,1,1,0,0,0,0,17,17,0.1,14,30,0.1,0,0,0,0,0,0,1171,1171,7.8,1171,1171,7.8,0,0,0,5,5,0,1,1,0,4,4,0,1034,1037,6.8,1032,1035,6.8,2,2,0,241,241,1.6,239,239,1.6,2,2,0,5839,5905,38.7,8,8,0.1,12,14,0.1,0,0,0,0,0,0,11,12,0.1,0,0,0,1,2,0,0,0,0,198,199,1.3,195,196,1.3,3,3,0,1978,2017,13.1,1503,1505,10,441,478,2.9,25,25,0.2,6,6,0,2,2,0,1,1,0,0,0,0,2196,2238,14.5,8035,8143,53.2
6,Goa,0,0,0,1,1,0.1,3,3,0.4,0,0,0,0,0,0,0,0,0,0,0,0,51,53,6.5,41,43,5.2,0,0,0,0,0,0,0,0,0,0,0,0,0,0,0,0,0,0,0,0,0,10,10,1.3,8,26,1,0,0,0,0,0,0,97,98,12.4,35,35,4.5,62,63,7.9,0,0,0,0,0,0,0,0,0,96,107,12.3,75,78,9.6,21,29,2.7,21,21,2.7,20,20,2.6,1,1,0.1,277,309,35.4,0,0,0,0,0,0,0,0,0,0,0,0,0,0,0,0,0,0,0,0,0,0,0,0,9,18,1.1,8,17,1,1,1,0.1,0,0,0,0,0,0,0,0,0,0,0,0,0,0,0,0,0,0,0,0,0,0,0,0,9,18,1.1,286,327,36.5
7,Gujarat,7,7,0,12,12,0,318,319,0.9,5,5,0,2,2,0,1,1,0,2176,2191,6.4,1257,1283,3.7,646,665,1.9,0,0,0,1,1,0,567,573,1.7,43,43,0.1,524,530,1.5,1,1,0,0,0,0,42,43,0.1,3,5,0,0,0,0,0,0,0,634,637,1.9,632,635,1.9,2,2,0,0,0,0,0,0,0,0,0,0,688,698,2,622,627,1.8,66,71,0.2,15,15,0,15,15,0,0,0,0,5118,5175,15,3,3,0,80,144,0.2,6,11,0,22,50,0.1,42,68,0.1,1,1,0,9,14,0,2,2,0,54,54,0.2,45,45,0.1,9,9,0,2548,2570,7.5,2279,2301,6.7,232,232,0.7,25,25,0.1,6,6,0,5,5,0,1,1,0,0,0,0,2687,2773,7.9,7805,7948,22.9
8,Haryana,9,9,0.1,207,211,1.4,178,179,1.2,50,50,0.4,3,3,0,1,1,0,5191,5197,36.3,3204,3238,22.4,366,376,2.6,3,3,0,0,0,0,968,970,6.8,656,657,4.6,312,313,2.2,788,789,5.5,0,0,0,1079,1100,7.6,32,50,0.2,0,0,0,0,0,0,1772,1772,12.4,1769,1769,12.4,3,3,0,199,200,1.4,199,200,1.4,0,0,0,2265,2281,15.9,2239,2252,15.7,26,29,0.2,443,443,3.1,442,442,3.1,1,1,0,13554,13634,94.9,14,14,0.1,38,38,0.3,11,11,0.1,2,2,0,9,9,0.1,0,0,0,16,16,0.1,5,5,0,103,103,0.7,96,96,0.7,7,7,0,2044,2058,14.3,1372,1377,9.6,521,525,3.6,124,125,0.9,4,8,0,23,23,0.2,0,0,0,0,0,0,2204,2218,15.4,15758,15852,110.3
9,Himachal Pradesh,6,6,0.2,0,0,0,39,39,1.1,0,0,0,0,0,0,0,0,0,217,217,5.9,351,361,9.5,200,209,5.4,0,0,0,0,0,0,144,144,3.9,13,13,0.4,131,131,3.6,3,3,0.1,0,0,0,4,5,0.1,5,11,0.1,0,0,0,0,0,0,344,345,9.3,138,138,3.7,206,207,5.6,3,3,0.1,3,3,0.1,0,0,0,504,506,13.7,448,450,12.2,56,56,1.5,97,97,2.6,97,97,2.6,0,0,0,1566,1585,42.5,2,2,0.1,10,19,0.3,6,9,0.2,0,0,0,0,0,0,0,0,0,4,10,0.1,2,2,0.1,21,21,0.6,21,21,0.6,0,0,0,3,3,0.1,0,0,0,0,0,0,2,2,0.1,1,1,0,0,0,0,0,0,0,0,0,0,38,47,1,1604,1632,43.5
10,Jharkhand,3,3,0,218,228,1.1,45,60,0.2,3,3,0,1,1,0,0,0,0,770,813,4,1253,1253,6.5,93,93,0.5,4,4,0,5,5,0,775,775,4,620,620,3.2,155,155,0.8,319,319,1.6,0,0,0,57,57,0.3,37,73,0.2,0,0,0,0,0,0,1221,1221,6.3,1071,1071,5.5,150,150,0.8,66,66,0.3,64,64,0.3,2,2,0,944,977,4.9,942,974,4.9,2,3,0,4,4,0,4,4,0,0,0,0,4565,4702,23.6,1487,1567,7.7,2,2,0,0,0,0,1,1,0,0,0,0,0,0,0,1,1,0,96,96,0.5,12,12,0.1,12,12,0.1,0,0,0,827,828,4.3,657,657,3.4,93,94,0.5,69,69,0.4,7,7,0,1,1,0,0,0,0,0,0,0,2424,2505,12.5,6989,7207,36.1
11,Karnataka,6,6,0,156,160,0.5,274,280,0.8,11,13,0,0,0,0,4,4,0,3000,3141,9,2327,2447,7,2256,2297,6.8,1,1,0,18,19,0.1,29,30,0.1,21,22,0.1,8,8,0,5,5,0,0,0,0,18,95,0.1,11,31,0,0,0,0,0,0,0,656,658,2,656,658,2,0,0,0,10,11,0,9,10,0,1,1,0,6790,8284,20.3,6789,8283,20.3,1,1,0,148,154,0.4,148,154,0.4,0,0,0,13393,15189,40.1,2322,2397,6.9,308,548,0.9,106,186,0.3,94,190,0.3,37,66,0.1,3,12,0,68,94,0.2,0,0,0,458,478,1.4,457,477,1.4,1,1,0,3854,3932,11.5,3099,3115,9.3,506,536,1.5,196,222,0.6,30,30,0.1,22,28,0.1,1,1,0,1,1,0,6943,7356,20.8,20336,22545,60.9
12,Kerala,4,4,0,8,8,0,47,47,0.3,1,1,0,5,5,0,4,5,0,4710,4832,25.3,191,205,1,104,115,0.6,1,1,0,0,0,0,39,40,0.2,15,16,0.1,24,24,0.1,2,2,0,0,0,0,45,47,0.2,15,16,0.1,0,0,0,0,0,0,843,845,4.5,843,845,4.5,0,0,0,54,55,0.3,54,55,0.3,0,0,0,4816,4885,25.9,4586,4650,24.6,230,235,1.2,679,689,3.6,671,681,3.6,8,8,0,11377,11597,61.1,21,21,0.1,13,15,0.1,0,0,0,1,3,0,3,3,0,1,1,0,8,8,0,480,485,2.6,369,414,2,333,378,1.8,36,36,0.2,3765,3781,20.2,1719,1725,9.2,1529,1537,8.2,469,471,2.5,34,34,0.2,14,14,0.1,0,0,0,0,0,0,4648,4716,25,16025,16313,86.1
13,Madhya Pradesh,29,29,0.1,468,469,1.1,716,721,1.7,24,24,0.1,3,3,0,2,2,0,7577,7597,18,8557,9140,20.3,6833,7413,16.2,1,1,0,3,3,0,1673,1675,4,51,52,0.1,1622,1623,3.9,33,34,0.1,0,0,0,14,14,0,33,46,0.1,2,2,0,2,2,0,2979,2979,7.1,2979,2979,7.1,0,0,0,38,38,0.1,23,23,0.1,15,15,0,5078,5079,12.1,5077,5078,12.1,1,1,0,243,243,0.6,237,237,0.6,6,6,0,25751,26374,61.1,65,68,0.2,21,39,0,5,11,0,2,4,0,9,12,0,2,2,0,3,10,0,20,20,0,52,52,0.1,38,38,0.1,14,14,0,6429,6471,15.3,3849,3876,9.1,2501,2515,5.9,54,55,0.1,8,8,0,13,13,0,4,4,0,4,4,0,6591,6654,15.6,32342,33028,76.8
14,Maharashtra,29,31,0,170,173,0.3,742,771,1.2,42,44,0.1,3,3,0,5,5,0,11226,11253,18.5,9361,10054,15.4,9147,9804,15,2,2,0,8,8,0,138,152,0.2,47,58,0.1,91,94,0.1,30,42,0,1,1,0,35,45,0.1,314,531,0.5,1,1,0,0,0,0,2930,2932,4.8,2930,2932,4.8,0,0,0,0,0,0,0,0,0,0,0,0,12133,12162,20,12133,12162,20,0,0,0,1309,1315,2.2,1309,1315,2.2,0,0,0,38265,39275,62.9,17,17,0,211,320,0.3,39,62,0.1,23,69,0,26,34,0,73,73,0.1,50,82,0.1,8,8,0,81,83,0.1,40,42,0.1,41,41,0.1,8519,8640,14,4594,4666,7.6,3810,3859,6.3,76,76,0.1,9,9,0,16,16,0,14,14,0,0,0,0,8836,9068,14.5,47101,48343,77.5
15,Manipur,1,1,0.1,1,1,0.1,4,4,0.2,0,0,0,0,0,0,0,0,0,7,7,0.4,32,34,2,2,2,0.1,0,0,0,1,1,0.1,12,13,0.7,7,8,0.4,5,5,0.3,9,9,0.6,0,0,0,8,9,0.5,0,0,0,0,0,0,0,0,0,27,27,1.7,27,27,1.7,0,0,0,0,0,0,0,0,0,0,0,0,66,66,4.1,65,65,4,1,1,0.1,8,8,0.5,8,8,0.5,0,0,0,146,148,9.1,0,0,0,0,0,0,0,0,0,0,0,0,0,0,0,0,0,0,0,0,0,0,0,0,0,0,0,0,0,0,0,0,0,55,57,3.4,43,45,2.7,9,9,0.6,2,2,0.1,0,0,0,1,1,0.1,0,0,0,0,0,0,55,57,3.4,201,205,12.5
16,Meghalaya,0,0,0,0,0,0,2,2,0.1,1,1,0.1,1,1,0.1,0,0,0,14,14,0.8,54,76,3.2,32,54,1.9,0,0,0,9,9,0.5,6,6,0.4,3,3,0.2,3,3,0.2,4,4,0.2,0,0,0,3,3,0.2,0,0,0,0,0,0,0,0,0,66,69,3.9,66,69,3.9,0,0,0,12,12,0.7,11,11,0.7,1,1,0.1,51,52,3,49,50,2.9,2,2,0.1,17,17,1,17,17,1,0,0,0,218,244,13,2,2,0.1,1,1,0.1,0,0,0,0,0,0,1,1,0.1,0,0,0,0,0,0,0,0,0,10,15,0.6,9,14,0.5,1,1,0.1,397,409,23.7,322,331,19.2,53,56,3.2,7,7,0.4,8,8,0.5,7,7,0.4,0,0,0,0,0,0,410,427,24.5,628,671,37.5
17,Mizoram,0,0,0,0,0,0,0,0,0,0,0,0,0,0,0,0,0,0,5,5,0.8,1,1,0.2,0,0,0,1,1,0.2,0,0,0,0,0,0,0,0,0,0,0,0,0,0,0,0,0,0,0,0,0,0,0,0,0,0,0,0,0,0,36,36,5.9,28,28,4.6,8,8,1.3,1,1,0.2,1,1,0.2,0,0,0,28,28,4.6,26,26,4.2,2,2,0.3,0,0,0,0,0,0,0,0,0,71,71,11.5,0,0,0,0,0,0,0,0,0,0,0,0,0,0,0,0,0,0,0,0,0,0,0,0,0,0,0,0,0,0,0,0,0,113,115,18.4,72,73,11.7,38,38,6.2,0,0,0,3,4,0.5,0,0,0,0,0,0,0,0,0,113,115,18.4,184,186,29.9
18,Nagaland,0,0,0,0,0,0,0,0,0,0,0,0,0,0,0,0,0,0,2,2,0.2,7,7,0.6,4,4,0.4,0,0,0,1,1,0.1,0,0,0,0,0,0,0,0,0,0,0,0,0,0,0,2,2,0.2,0,0,0,0,0,0,0,0,0,10,10,0.9,7,7,0.6,3,3,0.3,3,3,0.3,2,2,0.2,1,1,0.1,14,14,1.3,12,12,1.1,2,2,0.2,1,1,0.1,1,1,0.1,0,0,0,37,37,3.4,0,0,0,1,2,0.1,0,0,0,0,0,0,0,0,0,0,0,0,1,2,0.1,2,2,0.2,1,1,0.1,1,1,0.1,0,0,0,15,15,1.4,6,6,0.6,9,9,0.8,0,0,0,0,0,0,0,0,0,0,0,0,0,0,0,19,20,1.8,56,57,5.2
19,Odisha,15,15,0.1,231,231,1,0,0,0,0,0,0,5,5,0,2,2,0,5534,5534,24,5611,5614,24.3,5400,5403,23.4,1,1,0,8,8,0,64,64,0.3,4,4,0,60,60,0.3,8,8,0,0,0,0,130,130,0.6,105,108,0.5,0,0,0,0,0,0,1195,1195,5.2,1193,1193,5.2,2,2,0,123,123,0.5,123,123,0.5,0,0,0,9367,9367,40.6,9365,9365,40.6,2,2,0,569,593,2.5,569,593,2.5,0,0,0,22757,22787,98.7,5,5,0,15,18,0.1,3,3,0,0,0,0,0,0,0,7,10,0,5,5,0,0,0,0,761,761,3.3,358,358,1.6,403,403,1.7,2368,2378,10.3,1631,1631,7.1,701,711,3,1,1,0,30,30,0.1,5,5,0,0,0,0,8,9,0,3157,3171,13.7,25914,25958,112.4
20,Punjab,6,6,0,44,44,0.3,198,204,1.4,7,7,0,3,3,0,0,0,0,1532,1532,10.5,1430,1463,9.8,12,13,0.1,1,1,0,0,0,0,1383,1413,9.5,105,106,0.7,1278,1307,8.7,0,0,0,0,0,0,34,36,0.2,20,20,0.1,0,0,0,0,0,0,457,459,3.1,457,459,3.1,0,0,0,23,24,0.2,13,14,0.1,10,10,0.1,656,658,4.5,618,620,4.2,38,38,0.3,20,20,0.1,20,20,0.1,0,0,0,4396,4440,30,4,4,0,39,58,0.3,2,2,0,0,0,0,4,22,0,2,2,0,31,32,0.2,0,0,0,37,37,0.3,27,27,0.2,10,10,0.1,782,808,5.3,616,640,4.2,152,153,1,2,3,0,11,11,0.1,1,1,0,0,0,0,0,0,0,862,907,5.9,5258,5347,35.9
21,Rajasthan,20,20,0.1,428,430,1.1,165,166,0.4,4,4,0,4,4,0,1,1,0,18033,18098,45.5,7522,7663,19,4528,4584,11.4,0,0,0,11,12,0,1546,1624,3.9,884,961,2.2,662,663,1.7,10,11,0,0,0,0,1427,1432,3.6,8,8,0,0,0,0,0,0,0,5078,5194,12.8,5078,5194,12.8,0,0,0,845,846,2.1,845,846,2.1,0,0,0,9456,9499,23.9,9456,9499,23.9,0,0,0,81,81,0.2,81,81,0.2,0,0,0,41645,42014,105.2,1,1,0,16,17,0,6,7,0,0,0,0,3,3,0,0,0,0,7,7,0,1,1,0,225,225,0.6,212,212,0.5,13,13,0,3556,3563,9,1865,1866,4.7,1372,1377,3.5,67,68,0.2,68,68,0.2,183,183,0.5,1,1,0,6,6,0,3805,3813,9.6,45450,45827,114.8
22,Sikkim,1,1,0.3,0,0,0,2,2,0.6,0,0,0,0,0,0,0,0,0,1,1,0.3,15,22,4.6,14,21,4.3,0,0,0,0,0,0,1,1,0.3,0,0,0,1,1,0.3,0,0,0,0,0,0,0,0,0,0,0,0,0,0,0,0,0,0,9,9,2.8,9,9,2.8,0,0,0,0,0,0,0,0,0,0,0,0,16,16,4.9,16,16,4.9,0,0,0,0,0,0,0,0,0,0,0,0,44,51,13.5,0,0,0,0,0,0,0,0,0,0,0,0,0,0,0,0,0,0,0,0,0,0,0,0,4,4,1.2,4,4,1.2,0,0,0,86,91,26.3,65,66,19.9,18,22,5.5,3,3,0.9,0,0,0,0,0,0,0,0,0,0,0,0,90,95,27.5,134,146,41
23,Tamil Nadu,9,9,0,11,11,0,143,165,0.4,2,2,0,3,3,0,0,0,0,1017,1073,2.6,290,291,0.8,57,58,0.1,0,0,0,5,5,0,193,193,0.5,92,92,0.2,101,101,0.3,28,28,0.1,0,0,0,7,7,0,2,9,0,0,0,0,0,0,0,365,365,0.9,365,365,0.9,0,0,0,41,41,0.1,41,41,0.1,0,0,0,1650,1670,4.3,1641,1661,4.3,9,9,0,46,46,0.1,46,46,0.1,0,0,0,3579,3685,9.3,144,144,0.4,619,904,1.6,147,189,0.4,81,114,0.2,38,71,0.1,32,33,0.1,321,497,0.8,4,4,0,91,91,0.2,76,76,0.2,15,15,0,4505,4634,11.7,3347,3391,8.7,857,935,2.2,289,296,0.7,9,9,0,3,3,0,0,0,0,1,1,0,5364,5778,13.9,8943,9463,23.2
24,Telangana,14,14,0.1,145,147,0.8,401,409,2.1,0,0,0,1,1,0,1,1,0,10518,10518,55.5,2152,2282,11.4,1816,1937,9.6,0,0,0,0,0,0,220,222,1.2,97,97,0.5,123,125,0.6,76,76,0.4,0,0,0,40,47,0.2,298,442,1.6,0,0,0,0,0,0,817,817,4.3,814,814,4.3,3,3,0,41,41,0.2,32,32,0.2,9,9,0,5024,5403,26.5,5009,5388,26.4,15,15,0.1,957,961,5,957,961,5,0,0,0,20369,21036,107.4,4,4,0,57,67,0.3,15,22,0.1,0,0,0,0,0,0,1,2,0,41,43,0.2,0,0,0,120,124,0.6,78,80,0.4,42,44,0.2,3128,3143,16.5,1758,1758,9.3,1232,1244,6.5,98,101,0.5,28,28,0.1,12,12,0.1,0,0,0,0,0,0,3309,3338,17.5,23678,24374,124.9
25,Tripura,0,0,0,21,21,1,14,14,0.7,0,0,0,0,0,0,0,0,0,319,319,15.6,111,114,5.4,36,37,1.8,1,1,0,0,0,0,29,30,1.4,8,9,0.4,21,21,1,44,45,2.2,0,0,0,1,1,0,5,14,0.2,0,0,0,0,0,0,57,57,2.8,57,57,2.8,0,0,0,5,5,0.2,5,5,0.2,0,0,0,110,119,5.4,109,118,5.3,1,1,0,3,3,0.1,3,3,0.1,0,0,0,645,666,31.6,0,0,0,0,0,0,0,0,0,0,0,0,0,0,0,0,0,0,0,0,0,1,1,0,13,13,0.6,13,13,0.6,0,0,0,132,137,6.5,82,85,4,41,43,2,8,8,0.4,1,1,0,0,0,0,0,0,0,0,0,0,146,151,7.1,791,817,38.7
26,Uttar Pradesh,33,33,0,2122,2141,1.9,395,396,0.3,106,106,0.1,28,28,0,4,4,0,19889,20231,17.5,14272,15074,12.6,3613,4367,3.2,19,19,0,2,2,0,10627,10675,9.4,6978,7007,6.2,3649,3668,3.2,0,0,0,0,0,0,11,11,0,7,7,0,1,1,0,0,0,0,3516,3556,3.1,3215,3255,2.8,301,301,0.3,140,140,0.1,127,127,0.1,13,13,0,9453,9549,8.3,8656,8747,7.6,797,802,0.7,145,145,0.1,145,145,0.1,0,0,0,50111,51411,44.2,7151,7570,6.3,53,57,0,7,7,0,8,9,0,9,12,0,1,1,0,28,28,0,3,3,0,485,495,0.4,389,399,0.3,96,96,0.1,8574,8834,7.6,3645,3772,3.2,4728,4860,4.2,129,129,0.1,7,7,0,55,55,0,10,11,0,4,4,0,16270,16963,14.4,66381,68374,58.6
27,Uttarakhand,0,0,0,48,48,0.8,19,19,0.3,4,4,0.1,1,1,0,2,2,0,1016,1022,17.9,698,743,12.3,136,136,2.4,0,0,0,0,0,0,82,86,1.4,79,79,1.4,3,7,0.1,0,0,0,0,0,0,480,521,8.4,4,49,0.1,0,0,0,0,0,0,421,421,7.4,421,421,7.4,0,0,0,20,20,0.4,18,18,0.3,2,2,0,624,624,11,590,590,10.4,34,34,0.6,26,26,0.5,26,26,0.5,0,0,0,2883,2979,50.7,14,14,0.2,26,33,0.5,6,13,0.1,6,6,0.1,0,0,0,0,0,0,14,14,0.2,0,0,0,77,77,1.4,51,51,0.9,26,26,0.5,808,815,14.2,635,635,11.2,121,128,2.1,27,27,0.5,9,9,0.2,13,13,0.2,3,3,0.1,0,0,0,925,939,16.3,3808,3918,66.9
28,West Bengal,7,7,0,350,350,0.7,419,431,0.9,16,16,0,31,34,0.1,6,6,0,19698,20462,40.5,6544,6920,13.5,3935,4043,8.1,6,6,0,17,17,0,515,516,1.1,125,125,0.3,390,391,0.8,16,16,0,1,1,0,2054,2321,4.2,29,42,0.1,2,2,0,0,0,0,1110,1112,2.3,1110,1112,2.3,0,0,0,825,826,1.7,825,826,1.7,0,0,0,2479,2487,5.1,2479,2487,5.1,0,0,0,412,413,0.8,412,413,0.8,0,0,0,31928,33108,65.6,0,0,0,32,56,0.1,0,0,0,0,0,0,0,0,0,0,0,0,32,56,0.1,0,0,0,9,9,0,6,6,0,3,3,0,2721,2724,5.6,1798,1799,3.7,644,645,1.3,244,245,0.5,29,29,0.1,6,6,0,0,0,0,1,1,0,2763,2790,5.7,34691,35898,71.3
Total State (S),Total State (S),226,229,0,6027,6082,0.9,4740,4866,0.7,295,299,0,107,116,0,39,40,0,128814,130510,19.6,83539,86904,12.7,43491,46049,6.6,51,51,0,112,115,0,30061,30289,4.6,15443,15596,2.3,14618,14693,2.2,1858,1875,0.3,2,2,0,7964,8523,1.2,1143,1847,0.2,11,11,0,4,4,0,28211,28450,4.3,27434,27670,4.2,777,780,0.1,2791,2801,0.4,2698,2708,0.4,93,93,0,80413,82676,12.2,79080,81316,12,1333,1360,0.2,8416,8661,1.3,8398,8643,1.3,18,18,0,344776,353496,52.4,15444,16021,2.3,1710,2557,0.3,402,603,0.1,252,463,0,205,327,0,123,137,0,728,1027,0.1,628,633,0.1,3551,3659,0.5,2654,2760,0.4,897,899,0.1,64025,64872,9.7,38595,38968,5.9,21490,21896,3.3,2717,2773,0.4,675,680,0.1,510,516,0.1,38,39,0,30,31,0,85388,87773,13,430164,441269,65.3
29,Andaman and Nicobar Islands,0,0,0,0,0,0,2,2,1,0,0,0,0,0,0,0,0,0,6,6,3.1,16,16,8.4,16,16,8.4,0,0,0,0,0,0,0,0,0,0,0,0,0,0,0,0,0,0,0,0,0,0,0,0,0,0,0,0,0,0,0,0,0,14,14,7.3,14,14,7.3,0,0,0,0,0,0,0,0,0,0,0,0,31,31,16.2,31,31,16.2,0,0,0,12,12,6.3,12,12,6.3,0,0,0,81,81,42.4,0,0,0,0,0,0,0,0,0,0,0,0,0,0,0,0,0,0,0,0,0,0,0,0,29,29,15.2,27,27,14.1,2,2,1,95,96,49.7,75,76,39.3,16,16,8.4,4,4,2.1,0,0,0,0,0,0,0,0,0,0,0,0,124,125,64.9,205,206,107.3
30,Chandigarh,0,0,0,4,4,0.7,5,5,0.9,0,0,0,0,0,0,0,0,0,76,76,13.4,131,138,23,119,125,20.9,0,0,0,0,0,0,9,9,1.6,0,0,0,9,9,1.6,0,0,0,0,0,0,3,4,0.5,2,2,0.4,0,0,0,0,0,0,102,102,17.9,32,32,5.6,70,70,12.3,1,1,0.2,0,0,0,1,1,0.2,40,42,7,27,28,4.7,13,14,2.3,5,6,0.9,5,6,0.9,0,0,0,366,376,64.3,0,0,0,0,0,0,0,0,0,0,0,0,0,0,0,0,0,0,0,0,0,0,0,0,5,6,0.9,5,6,0.9,0,0,0,0,0,0,0,0,0,0,0,0,0,0,0,0,0,0,0,0,0,0,0,0,0,0,0,5,6,0.9,371,382,65.2
31,Dadra and Nagar Haveli and Daman and Diu,0,0,0,0,0,0,1,1,0.2,0,0,0,0,0,0,0,0,0,2,2,0.5,35,35,8,34,34,7.8,0,0,0,0,0,0,0,0,0,0,0,0,0,0,0,0,0,0,0,0,0,1,1,0.2,0,0,0,0,0,0,0,0,0,6,6,1.4,5,5,1.1,1,1,0.2,1,1,0.2,1,1,0.2,0,0,0,12,12,2.7,12,12,2.7,0,0,0,3,3,0.7,3,3,0.7,0,0,0,60,60,13.7,0,0,0,8,8,1.8,0,0,0,0,0,0,8,8,1.8,0,0,0,0,0,0,0,0,0,3,3,0.7,3,3,0.7,0,0,0,53,53,12.1,50,50,11.4,1,1,0.2,2,2,0.5,0,0,0,0,0,0,0,0,0,0,0,0,64,64,14.6,124,124,28.4
32,Delhi,3,3,0,115,115,1.1,42,42,0.4,10,10,0.1,6,6,0.1,2,2,0,4236,4239,42.1,3970,4089,39.5,3838,3952,38.2,0,0,0,3,3,0,0,0,0,0,0,0,0,0,0,0,0,0,0,0,0,129,134,1.3,44,151,0.4,0,0,0,0,0,0,1094,1094,10.9,1094,1094,10.9,0,0,0,0,0,0,0,0,0,0,0,0,1814,1828,18,1814,1828,18,0,0,0,352,352,3.5,351,351,3.5,1,1,0,11688,11931,116.2,16,16,0.2,59,68,0.6,1,1,0,1,1,0,0,0,0,1,5,0,56,61,0.6,4,4,0,36,36,0.4,28,28,0.3,8,8,0.1,1636,1639,16.3,1052,1054,10.5,536,536,5.3,32,33,0.3,4,4,0,2,2,0,10,10,0.1,0,0,0,1751,1763,17.4,13439,13694,133.6
33,Jammu and Kashmir,1,1,0,9,9,0.1,31,39,0.5,4,4,0.1,0,0,0,0,0,0,524,524,8.1,895,911,13.8,351,366,5.4,2,2,0,0,0,0,426,427,6.6,416,417,6.4,10,10,0.2,0,0,0,0,0,0,116,116,1.8,7,31,0.1,0,0,0,0,0,0,231,231,3.6,230,230,3.5,1,1,0,2,2,0,2,2,0,0,0,0,1542,1545,23.7,1541,1544,23.7,1,1,0,21,21,0.3,21,21,0.3,0,0,0,3267,3318,50.3,15,15,0.2,8,10,0.1,0,0,0,0,0,0,0,0,0,0,0,0,8,10,0.1,0,0,0,43,43,0.7,39,39,0.6,4,4,0.1,320,322,4.9,214,215,3.3,76,77,1.2,13,13,0.2,17,17,0.3,0,0,0,0,0,0,0,0,0,386,390,5.9,3653,3708,56.2
34,Ladakh,0,0,0,0,0,0,0,0,0,0,0,0,0,0,0,0,0,0,6,6,4.5,3,4,2.3,3,4,2.3,0,0,0,0,0,0,0,0,0,0,0,0,0,0,0,0,0,0,0,0,0,0,0,0,0,0,0,0,0,0,0,0,0,2,2,1.5,2,2,1.5,0,0,0,0,0,0,0,0,0,0,0,0,2,2,1.5,2,2,1.5,0,0,0,4,4,3,4,4,3,0,0,0,17,18,12.9,0,0,0,0,0,0,0,0,0,0,0,0,0,0,0,0,0,0,0,0,0,0,0,0,0,0,0,0,0,0,0,0,0,3,3,2.3,3,3,2.3,0,0,0,0,0,0,0,0,0,0,0,0,0,0,0,0,0,0,3,3,2.3,20,21,15.2
35,Lakshadweep,0,0,0,0,0,0,0,0,0,0,0,0,0,0,0,0,0,0,3,3,9.1,0,0,0,0,0,0,0,0,0,0,0,0,0,0,0,0,0,0,0,0,0,0,0,0,0,0,0,0,0,0,0,0,0,0,0,0,0,0,0,1,1,3,1,1,3,0,0,0,0,0,0,0,0,0,0,0,0,7,7,21.2,7,7,21.2,0,0,0,1,1,3,1,1,3,0,0,0,12,12,36.4,0,0,0,0,0,0,0,0,0,0,0,0,0,0,0,0,0,0,0,0,0,0,0,0,1,1,3,1,1,3,0,0,0,9,9,27.3,1,1,3,5,5,15.2,0,0,0,2,2,6.1,1,1,3,0,0,0,1,1,3,11,11,33.3,23,23,69.7
36,Puducherry,0,0,0,1,1,0.1,4,4,0.5,0,0,0,0,0,0,0,0,0,9,9,1,16,17,1.8,15,15,1.7,0,0,0,0,0,0,0,0,0,0,0,0,0,0,0,0,0,0,0,0,0,1,2,0.1,15,29,1.7,0,0,0,0,0,0,9,9,1,9,9,1,0,0,0,1,1,0.1,1,1,0.1,0,0,0,30,30,3.4,30,30,3.4,0,0,0,9,9,1,9,9,1,0,0,0,94,109,10.8,14,14,1.6,3,5,0.3,0,0,0,0,0,0,0,0,0,0,0,0,3,5,0.3,0,0,0,10,10,1.1,10,10,1.1,0,0,0,91,92,10.5,56,56,6.4,25,26,2.9,10,10,1.1,0,0,0,0,0,0,0,0,0,0,0,0,118,121,13.6,212,230,24.4
Total UT (S),Total UT (S),4,4,0,129,129,0.7,85,93,0.5,14,14,0.1,6,6,0,2,2,0,4862,4865,25.9,5066,5210,27,4376,4512,23.3,2,2,0,3,3,0,435,436,2.3,416,417,2.2,19,19,0.1,0,0,0,0,0,0,250,257,1.3,68,213,0.4,0,0,0,0,0,0,1459,1459,7.8,1387,1387,7.4,72,72,0.4,5,5,0,4,4,0,1,1,0,3478,3497,18.5,3464,3482,18.4,14,15,0.1,407,408,2.2,406,407,2.2,1,1,0,15585,15905,82.9,45,45,0.2,78,91,0.4,1,1,0,1,1,0,8,8,0,1,5,0,67,76,0.4,4,4,0,127,128,0.7,113,114,0.6,14,14,0.1,2207,2214,11.7,1451,1455,7.7,659,661,3.5,61,62,0.3,23,23,0.1,3,3,0,10,10,0.1,1,1,0,2462,2483,13.1,18047,18388,96.1
Total All India,Total All India,230,233,0,6156,6211,0.9,4825,4959,0.7,309,313,0,113,122,0,41,42,0,133676,135375,19.7,88605,92114,13.1,47867,50561,7.1,53,53,0,115,118,0,30496,30725,4.5,15859,16013,2.3,14637,14712,2.2,1858,1875,0.3,2,2,0,8214,8780,1.2,1211,2060,0.2,11,11,0,4,4,0,29670,29909,4.4,28821,29057,4.3,849,852,0.1,2796,2806,0.4,2702,2712,0.4,94,94,0,83891,86173,12.4,82544,84798,12.2,1347,1375,0.2,8823,9069,1.3,8804,9050,1.3,19,19,0,360361,369401,53.2,15489,16066,2.3,1788,2648,0.3,403,604,0.1,253,464,0,213,335,0,124,142,0,795,1103,0.1,632,637,0.1,3678,3787,0.5,2767,2874,0.4,911,913,0.1,66232,67086,9.8,40046,40423,5.9,22149,22557,3.3,2778,2835,0.4,698,703,0.1,513,519,0.1,48,49,0,31,32,0,87850,90256,13,448211,459657,66.2
